{
  "decision_tree": {
    "model_name": "\u51b3\u7b56\u6811\uff08Week 1 \u6700\u4f73\uff09",
    "train_r2": 0.6499142220654697,
    "test_r2": 0.5780705792675731,
    "train_rmse": 0.1686275968754276,
    "test_rmse": 0.1692954029117223,
    "gap": 0.07184364279789657
  },
  "random_forest": {
    "model_name": "\u968f\u673a\u68ee\u6797\uff08\u9ed8\u8ba4\u53c2\u6570\uff09",
    "train_r2": 0.940199176763827,
    "test_r2": 0.6949999835589044,
    "train_rmse": 0.06969393695504084,
    "test_rmse": 0.1439379098830578,
    "gap": 0.24519919320492267
  },
  "improvement": {
    "test_r2_gain": 0.11692940429133125,
    "test_r2_gain_pct": 20.227530769596182,
    "rf_gap": 0.24519919320492267,
    "dt_gap": 0.07184364279789657
  },
  "training_time": {
    "decision_tree": 0.1460115909576416,
    "random_forest": 2.3382904529571533,
    "speedup": 16.01441664748039
  }
}