{
  "method": "RandomSearch(coarse) + GridSearch(fine)",
  "coarse_search": {
    "method": "RandomizedSearchCV",
    "n_iter": 50,
    "best_params": {
      "subsample": 0.6,
      "n_estimators": 500,
      "min_child_weight": 5,
      "max_depth": 7,
      "learning_rate": 0.01,
      "colsample_bytree": 0.6
    },
    "best_cv_r2": 0.5804207745921176,
    "time_seconds": 103.80912852287292
  },
  "fine_search": {
    "method": "GridSearchCV",
    "n_combinations": 81,
    "best_params": {
      "colsample_bytree": 0.5,
      "learning_rate": 0.01,
      "max_depth": 8,
      "subsample": 0.5
    },
    "best_cv_r2": 0.5860679909564935,
    "time_seconds": 364.85623931884766
  },
  "final_model": {
    "params": {
      "colsample_bytree": 0.5,
      "learning_rate": 0.01,
      "max_depth": 8,
      "subsample": 0.5,
      "n_estimators": 500,
      "tree_method": "hist",
      "random_state": 42,
      "n_jobs": -1
    },
    "train_r2": 0.9206827782814251,
    "test_r2": 0.6896317024131202,
    "cv_r2_mean": 0.570809669975084,
    "cv_r2_std": 0.05240754355836748,
    "overfitting_gap": 0.23105107586830487
  },
  "comparison_with_previous": {
    "Day15 \u9ed8\u8ba4": 0.6177506216897453,
    "Day16 \u6811\u53c2\u6570": 0.655483018593694,
    "Day17 \u5b66\u4e60\u53c2\u6570": 0.6828419629364131,
    "Day18-19 \u6700\u7ec8": 0.6896317024131202
  }
}