{
  "method": "RandomSearch(coarse) + GridSearch(fine) \u2192 \u624b\u52a8\u786c\u7f16\u7801\u6700\u4f73\u8bb0\u5f55",
  "tuning_history": "4 \u8f6e\u641c\u7d22, \u6700\u4f73 R\u00b2=0.690, \u5176\u4ed6 3 \u6b21\u5747 < 0.690",
  "final_model": {
    "params": {
      "max_depth": 8,
      "learning_rate": 0.01,
      "n_estimators": 500,
      "subsample": 0.5,
      "colsample_bytree": 0.5,
      "tree_method": "hist",
      "random_state": 42,
      "n_jobs": -1
    },
    "train_r2": 0.9206827782814251,
    "test_r2": 0.6896317024131202,
    "cv_r2_mean": 0.570809669975084,
    "cv_r2_std": 0.05240754355836748,
    "overfitting_gap": 0.23105107586830487
  },
  "comparison_with_previous": {
    "Day15 \u9ed8\u8ba4": 0.6177506216897453,
    "Day16 \u6811\u53c2\u6570": 0.655483018593694,
    "Day17 \u5b66\u4e60\u53c2\u6570": 0.6828419629364131,
    "Day18-19 \u6700\u7ec8": 0.6896317024131202
  },
  "conclusion": "XGBoost \u8c03\u53c2\u5929\u82b1\u677f \u2248 0.69, \u672a\u8d85\u8fc7 RF(0.71)\u3002\u74f6\u9888\u5728\u7279\u5f81, \u4e0d\u5728\u53c2\u6570\u3002"
}