{
  "best_kernel": "Matern nu=0.5",
  "best_r2": 0.6659269306065194,
  "results": [
    {
      "kernel": "RBF+\u566a\u58f0",
      "r2": 0.6598552504762014,
      "rmse": 0.15200474544912834,
      "corr": 0.29415833404348307,
      "time": 91.16713547706604
    },
    {
      "kernel": "Matern nu=0.5",
      "r2": 0.6659269306065194,
      "rmse": 0.15064197271334878,
      "corr": 0.2802516925726424,
      "time": 111.77565264701843
    },
    {
      "kernel": "Matern nu=1.5",
      "r2": 0.6614927577336425,
      "rmse": 0.1516384173365966,
      "corr": 0.30375113879034327,
      "time": 121.99125099182129
    },
    {
      "kernel": "RationalQuadratic",
      "r2": 0.6598553872669513,
      "rmse": 0.1520047148844272,
      "corr": 0.2941581112993727,
      "time": 192.2105758190155
    }
  ]
}